path,label,split,md5,phash
"../foodsg-233_cleaned\Bee hoon, goreng\X5ZSG7LCTP7FZ2UYN6VDKM4U.jpg","Bee hoon, goreng",all,9512b94864458c03ca66c5416c2c20f6,801f63386ecb2cdd
../foodsg-233_cleaned\Mee siam\2O9XY0G38P7TAU2MIXTH4VV9.jpg,Mee siam,all,5246581f8f69a2c3c2a6360921886848,801f63386ecb2cdd
../foodsg-233_cleaned\oyster omelette\2TI69VIK2WQGIQM103UXKVI0.jpg,oyster omelette,all,bcf1c374230bc72604dfe94ab349384d,807a1ff03c433ec7
../foodsg-233_cleaned\oyster omelette\S99V87XOVWYQS7HFPH4NS8I2.jpg,oyster omelette,all,3fe210393326cd891810eba8c22bd417,807a1ff03c433ec7
../foodsg-233_cleaned\har cheong gai\GP5Y1R9H9YY3NPXBEH1VX6JU.jpg,har cheong gai,all,d26f05cea8bf62983955b12ed91fc59f,82cd5bd737c183b0
../foodsg-233_cleaned\fried chicken\GK56WL0QJ1M6ZK6QXVFTES1F.jpg,fried chicken,all,7d88f23b3d3fb54a1dad3996639ceae8,82cd5bd737c183b0
../foodsg-233_cleaned\Soto ayam\JXIKXSNH9URAG42M1T3NEUUL.jpg,Soto ayam,all,9e84d7ff97eff26c9ef8efce6a369dd0,87689f966c25742b
../foodsg-233_cleaned\Soto ayam\1LZJRQ8AJE2EEM069KKC2QSK.jpg,Soto ayam,all,e6a41b26bb0392a2d54e45b78fd24bcc,87689f966c25742b
"../foodsg-233_cleaned\Bee hoon, soto\72GDL0WLZSJW232V6NYW3AUE.jpg","Bee hoon, soto",all,7fb488fa767dd1930b20993f4711ec0a,899f971c182b6aae
../foodsg-233_cleaned\Soto ayam\3TTMTU9M8H473PQMCDIFFXE3.jpg,Soto ayam,all,4838916360324bb450f35b7e219b9d4a,899f971c182b6aae
../foodsg-233_cleaned\whole grain bread\8C6F2Q32YAX6WO55K20UKWBG.jpg,whole grain bread,all,91999868e7d4a4bad1ba49e6bb696465,8b83783ce1d0cfa3
../foodsg-233_cleaned\White Bread\HK67AWH3KJ9ONTR28VOSG1W0.jpg,White Bread,all,b4c0b1c47046efdde78099e45a1467bd,8b83783ce1d0cfa3
"../foodsg-233_cleaned\Bee hoon, soto\A5KZXEJ0TT3V2BEAR8FXVL9Q.jpg","Bee hoon, soto",all,307ed73bb48da7aa5e958b1a3c23f54b,8f2f2585479523d5
../foodsg-233_cleaned\bee hoon\ZT41U5AV4N7SNT7PQXA2JW9Z.jpg,bee hoon,all,65637912d7b537e03f7249dd9f7f40fd,8f2f2585479523d5
../foodsg-233_cleaned\Ban Mian\R4682H05EG1NEPWZJSYXCMX7.jpg,Ban Mian,all,d6dde8590d70d8b088128a43afea1894,8fd1f8634a8e91c5
../foodsg-233_cleaned\Seafood Noodles Soup\8S3CMHO0P112AYIQGRCZNYHA.jpg,Seafood Noodles Soup,all,82b69fb70188786a8b349ecf7c9f08a5,8fd1f8634a8e91c5
../foodsg-233_cleaned\whole grain bread\BZOHD4I6OXEMKH7T1FJKCNW1.jpg,whole grain bread,all,4435074c71e6267882c4b4d310661373,8fe368856f85427c
../foodsg-233_cleaned\White Bread\W8XDDO8DOW47UU1HQBGH6GWE.jpg,White Bread,all,4fc4b3c6619903f41921baad02350f3d,8fe368856f85427c
../foodsg-233_cleaned\lontong\WWCM6DYUD8FMMD7PET7VPZYB.jpg,lontong,all,741e1342bdf29613e8a6b731d0f9340a,907a4d2d47381ef5
../foodsg-233_cleaned\lontong\7K82LMQ3TSFUI9TPR3QJJFGN.jpg,lontong,all,c78b982667dd3aa07fe44cda69d808a1,907a4d2d47381ef5
../foodsg-233_cleaned\char siew pau\PSKTQK8XETWPM224A19I56JN.jpg,char siew pau,all,d1fa2c944428086f04bcb17f9a69eba1,90f12bedf00c4f96
../foodsg-233_cleaned\steamed buns\N4XTPEQOSIAV0W8QMBLWXYDD.jpg,steamed buns,all,f82e7d2b838068c3720c308d096f2a33,90f12bedf00c4f96
../foodsg-233_cleaned\Soto ayam\KIYB41RNRFHDN66W1OT7K7X7.jpg,Soto ayam,all,bb097f46ada1bf92eca56783fd09e9b2,91093c685fb263d7
../foodsg-233_cleaned\Mee soto\6JXCM74VTJE1ZBU5ESS47B37.jpg,Mee soto,all,2b54a7dcb46a64375d985ae18b3b2d28,91093c685fb263d7
../foodsg-233_cleaned\Fish Ball Noodles\OGN1I050Y0F92YBB7P37UJ1N.jpg,Fish Ball Noodles,all,fd985544c72d29f61ff1e96f37efb336,9177d51258cadec8
"../foodsg-233_cleaned\Bee hoon, soto\9XWCAP3JJCFSHOORLO4GDB9R.jpg","Bee hoon, soto",all,22dbcd833d0e5fb0bdee5f60894eee61,9177d51258cadec8
../foodsg-233_cleaned\vegetable soup\JPEMLXKYK44XGMFRDKY03AKN.jpg,vegetable soup,all,656ec763b16942ee48b9f68d6db029f7,92ccf6ac53969187
../foodsg-233_cleaned\vegetable soup\Y39V4M5EZ9LLZ1OJW0W40WZO.jpg,vegetable soup,all,76ef2b193a3f9ed5c1d1a2721d370f8e,92ccf6ac53969187
../foodsg-233_cleaned\satay bee hoon\YVK6MGRGN0TJCZHSAP52QT8M.jpg,satay bee hoon,all,e271b9be4799530b28a1026dad613346,93931f8d011e7ef0
../foodsg-233_cleaned\satay bee hoon\Y5M9T2MFYGZEJRWPXLPYZMDX.jpg,satay bee hoon,all,dac55ac35369c41047a88e0abcc09d8d,93931f8d011e7ef0
../foodsg-233_cleaned\Udon\HKJ5J5R2GTFDMFKCSONC8PO4.jpg,Udon,all,41d3b67e5c82f511cb30c0a1201d3e1d,95323b95e51ad865
../foodsg-233_cleaned\Udon\EGOJP45RKK3423IZQV2MCYW1.jpg,Udon,all,76437aed68576a9b52d91da0b274ddeb,95323b95e51ad865
../foodsg-233_cleaned\satay bee hoon\GKAIORZ2CTE0IEXO30HBRWA7.jpg,satay bee hoon,all,f21041da484f7b4600813801c5334d0e,97d784709ee29c61
"../foodsg-233_cleaned\Bee hoon, soto\VSP65EG225L1EKPC2CEEYUY5.jpg","Bee hoon, soto",all,379d4e082c1f3d2e5380a8173d44a73a,97d784709ee29c61
../foodsg-233_cleaned\Mee rebus\UMCUYN95B8URSJ1PN3098G5H.jpg,Mee rebus,all,d1166be2dc4c375a4eccf041cc6d7d5b,99e3e619192ee037
../foodsg-233_cleaned\Mee kuah\PUMCZCSGAOXN2U8HPJPINWG5.jpg,Mee kuah,all,a4b3f68d994786434ce675538a942a9a,99e3e619192ee037
../foodsg-233_cleaned\Udon\JZLQTDQOH0DC1MX58XC1X14T.jpg,Udon,all,caea03fd8a54ef36cc6e5005d2b006ce,9a3d71eb5d90c095
../foodsg-233_cleaned\Udon\JZB0BANQDBY2J2BDHCVNAO0X.jpg,Udon,all,fef9875e706d46f58724ec141c8648ca,9a3d71eb5d90c095
../foodsg-233_cleaned\vegetarian bee hoon\DQPT8OU4QG4KAXB54VU2EYXI.jpg,vegetarian bee hoon,all,b4840915eb1bbc48067cf78f95bdcd57,9bf3220a6ac7c6c5
../foodsg-233_cleaned\Mee siam\APLB8XYXTTFHKJMYEZLAG2EK.jpg,Mee siam,all,b08bceed900bb826b7ac90cf7487641c,9bf3220a6ac7c6c5
"../foodsg-233_cleaned\Mee siam, fried\P857TICUK1X8Q4K6R89PQEAK.jpg","Mee siam, fried",all,ff398085a104c40440d80a127c01dc2c,9c912ed23dcce392
"../foodsg-233_cleaned\Mee siam, fried\RPV0U70L77881NKB54GRWHP2.jpg","Mee siam, fried",all,1803e8dc82030b79bcdf434e75c0bc35,9c912ed23dcce392
../foodsg-233_cleaned\Mee siam\FBSPYCV9O4A96ZBVIG08R0TZ.jpg,Mee siam,all,e7729cf98225858d2dc4c0b540bfbc69,a0d69fa8d5c17ec0
"../foodsg-233_cleaned\Bee hoon, goreng\X1ZTVGMKQO8HVZ7VMIKP30KY.jpg","Bee hoon, goreng",all,9b37ba7aab8b4468aee0eb0f47b793f1,a0d69fa8d5c17ec0
../foodsg-233_cleaned\Mee goreng\GFKXB0YWL5L4R5X6YA10POXL.jpg,Mee goreng,all,be45c6d44f770966157984369a8abe94,a0f18f9619d97439
"../foodsg-233_cleaned\Bee hoon, goreng\RGZ83TOAH9RVABBLESTNUULF.jpg","Bee hoon, goreng",all,fab4edee1dbeb0bd2652361e378cb128,a0f18f9619d97439
../foodsg-233_cleaned\Kueh Salat\KQS5C64NJOCX60026W2816ZD.jpg,Kueh Salat,all,2b88983b98fa8fd8f48c79b1be28ca7d,a1191ee66d6e720e
../foodsg-233_cleaned\Pung Kueh\P10YWE5DRSMJ4C3Z9U91C40A.jpg,Pung Kueh,all,08ae79f63c5109bf882277b06616e452,a1191ee66d6e720e
../foodsg-233_cleaned\vegetable soup\VZTJ59M6CKS68I6RY0O0VF7R.jpg,vegetable soup,all,70d1cc63f45a7c1ce21ba44048f713bc,a2038f8f3c9c747c
../foodsg-233_cleaned\chicken soup\9D7Y5X4S9AMMT1IZ7UEKHXJI.jpg,chicken soup,all,ce2865b59d32011f638198ee896c584b,a2038f8f3c9c747c
../foodsg-233_cleaned\Soto ayam\I98S5RI41JSQD5F0ZMBRIY4K.jpg,Soto ayam,all,a33b54962229e2fff16b4357f0f368df,a28e67377838e16c
"../foodsg-233_cleaned\Bee hoon, soto\K66GXKUOK97JI98MB3UGR6WG.jpg","Bee hoon, soto",all,5813fd1e40d4a696c9d963f94e738634,a28e67377838e16c
../foodsg-233_cleaned\Fried Noodles\YD5S8ELATFLG5B8R0F85H5DZ.jpg,Fried Noodles,all,1ea41c91e28ec8019dd85eeef604a6c0,a2cd47d68adcb152
"../foodsg-233_cleaned\Mee siam, fried\FFZ5E5LS4C0HNQ4QVZN46IVY.jpg","Mee siam, fried",all,3717bd115d8cdf1d2357d03b7993fc88,a2cd47d68adcb152
../foodsg-233_cleaned\Mee bandung\KMA5TGOWD4K227SK0IN8YD6I.jpg,Mee bandung,all,180792b167ab8bd9134f41bb55c676ba,a2ceb839c52f1ea4
../foodsg-233_cleaned\Mee rebus\X634GMW8X8M1I6WR0VQ56WEK.jpg,Mee rebus,all,15289f45029b503166b067f05f4c4c9e,a2ceb839c52f1ea4
../foodsg-233_cleaned\vegetarian bee hoon\OOZL6VC8ON1KSOGYH1L6RYFE.jpg,vegetarian bee hoon,all,6a1f6164295c0f36b24e7e75769e27ac,a47aa25d355b5aa1
../foodsg-233_cleaned\bee hoon\0ONXDTNAKU90ZN145T3AP3WM.jpg,bee hoon,all,5a2811f46367a3b760f9a9e76d099c76,a47aa25d355b5aa1
"../foodsg-233_cleaned\Bee hoon, soto\2VDYWIP13B77GFVCZCC1OH9X.jpg","Bee hoon, soto",all,ff134caeb119c124f50b832a8d727951,a7c09a37f52cd390
"../foodsg-233_cleaned\Bee hoon, soto\GAH5JQRNJ9T86ALQY5I8X5B3.jpg","Bee hoon, soto",all,e2d600592da7e75ca66bc8a54191db4f,a7c09a37f52cd390
../foodsg-233_cleaned\sliced fish soup\HL6HK4TZM1DM70P2NH3WEKIJ.jpg,sliced fish soup,all,83ffcb285c7d64ef70da28cfbff56c85,a7e1f09ac61e1b29
../foodsg-233_cleaned\sliced fish soup\X0REMV0O39HS6KJEXYIII4R6.jpg,sliced fish soup,all,6b637d50af91e0f8e618d9078f21e746,a7e1f09ac61e1b29
../foodsg-233_cleaned\Kway Teow\0I0PFMS28LSBAAA6UCFS04DC.jpg,Kway Teow,all,1d018c615bdbb5dbc2946a01c6b9bb04,aa84386aa45feaec
../foodsg-233_cleaned\Kway Teow\9H4IE0GFTJKGCE1N5YZRO90N.jpg,Kway Teow,all,d2ccd9f7e21860f797c9672c6cf45eac,aa84386aa45feaec
../foodsg-233_cleaned\lontong\1WQBY7PXVVNPEY8I013DVTV6.jpg,lontong,all,dc51cf996ef5a609854e166e62cab38d,aaa6d1cbdcb2d023
../foodsg-233_cleaned\lontong\V9KX2IXSLJ1PI7XK9HL5CWU5.jpg,lontong,all,990b01f30e2133664f5a79051c737be8,aaa6d1cbdcb2d023
../foodsg-233_cleaned\sliced fish soup\NBGISEG05WVL0BFCM6EFW9PF.jpg,sliced fish soup,all,c3477bb5013315b8ddd3be4feafc67f4,aae2aad9e1e6a1c2
../foodsg-233_cleaned\sliced fish soup\HDVB04OADEJZMO05HPM5TIJ0.jpg,sliced fish soup,all,024ad9d109fb5e511312e01190185da4,aae2aad9e1e6a1c2
../foodsg-233_cleaned\vegetarian bee hoon\Z0KW2515QYJ1PWMC8NYBZRGU.jpg,vegetarian bee hoon,all,d268b3659e9ea94ae237ad26f308d7ac,abb5d1a55432855e
../foodsg-233_cleaned\bee hoon\35NHIWY9OFQMG5TR47VSHEH1.jpg,bee hoon,all,777fbbc613cb8808bcfa280ab97cf5db,abb5d1a55432855e
../foodsg-233_cleaned\mushroom soup\UIOX4YJBJROUF4924J7Q6QLU.jpg,mushroom soup,all,9f7c0fb9fe9188d99834a94278396513,abc2c0393dd992b6
../foodsg-233_cleaned\mushroom soup\XNUU35JW7V29O8SXAUETF6J4.jpg,mushroom soup,all,0360138126abb27919c354bebe853444,abc2c0393dd992b6
../foodsg-233_cleaned\Lontong with sayur lodeh\IQOH3R8JBEF5QE9867ANY094.jpg,Lontong with sayur lodeh,all,1fbe51c5fcd7cb3de78c9a222c59efef,ad0fb733971a84c8
../foodsg-233_cleaned\lontong\HNG9DV9KA4U4HTPW80C0GB0X.jpg,lontong,all,961d6f9a63e9d517f578913218487710,ad0fb733971a84c8
../foodsg-233_cleaned\kway chap\PLAT0SUEWWUMGJ87TAN9WR48.jpg,kway chap,all,7a20aa2f16762a518df78da87a831675,ad35c1d03e4dd13a
../foodsg-233_cleaned\kway chap\8YEDJ8OK1QFXYK98JDVCQVCA.jpg,kway chap,all,4fdcb60f3087dda12c5b8f7502957cb8,ad35c1d03e4dd13a
"../foodsg-233_cleaned\Bee hoon, soto\FCOXW8P3IN881QT8V000KMU9.jpg","Bee hoon, soto",all,c3c107f1fdf6f7c94a334b8cb8f38bcc,ae95d556454a7362
../foodsg-233_cleaned\Mee soto\6MYWTL8OJ20NTOMY48VN0188.jpg,Mee soto,all,a6c772d3cc0153cf381962136468b143,ae95d556454a7362
../foodsg-233_cleaned\Mee rebus\N2R4ZTBLB1BOVGZ25PDUQ4SK.jpg,Mee rebus,all,5a80475935ccfab587348eabb8e60c64,af15d478c3e29a8c
../foodsg-233_cleaned\Mee rebus\3ELI1XTZH108W0KCYLQPK8QB.jpg,Mee rebus,all,3a070c37c89a7e276ca98246af8cabb4,af15d478c3e29a8c
../foodsg-233_cleaned\Mee soto\97QP8O8H3ODRXSPIXUTOR01B.jpg,Mee soto,all,b4b835638014553f223b776816ad7325,afc0f50bd23583cc
../foodsg-233_cleaned\Soto ayam\6HLEASKMOILFFGIGKBHX8B7N.jpg,Soto ayam,all,94f710fbb28e493e8b983db525d83763,afc0f50bd23583cc
../foodsg-233_cleaned\lontong\PZRXSPKUFS8PQ1QFVQ9M0MP0.jpg,lontong,all,f6bbbad5bf8b14b5bf62887ffa1012e2,afc880d71f6a6781
../foodsg-233_cleaned\lontong\Z7YVT82NHTCVSHY17WPD6UYB.jpg,lontong,all,a68d223651276b4acc87adb4b2d7559e,afc880d71f6a6781
../foodsg-233_cleaned\Fruit juice\XBYX8M3AY94DX1SH6T0BVZ05.jpg,Fruit juice,all,e134d955092a9485213a046f292b7198,b3cccb30cd32cc99
../foodsg-233_cleaned\Fruit juice\8MYSLQOHB2ZZW9KETZ0QUI37.jpg,Fruit juice,all,546834ea38cb5e83fd913a4b54d4a20c,b3cccb30cd32cc99
../foodsg-233_cleaned\Mee rebus\47JNNBA2ZR11E8QWJPOP9UP2.jpg,Mee rebus,all,fcf791c364ccdafb24a415b7af6a7166,b5b5f7ca40522b85
../foodsg-233_cleaned\Mee rebus\QC4MH1CIJ6RJBBDF85HMU11I.jpg,Mee rebus,all,2ad61fcc2ac02920a6494195cdf12f9e,b5b5f7ca40522b85
../foodsg-233_cleaned\Mee rebus\4LEVXF6XLN8YDPYKC4T7NSUT.jpg,Mee rebus,all,9dba0abe975585d2e7b736deb6b75598,b6b4d482e9474e0f
../foodsg-233_cleaned\Mee rebus\1US7B486EGYMBXNJLM9HPGPK.jpg,Mee rebus,all,499fd9dd04259d0393d895b52e5df09d,b6b4d482e9474e0f
../foodsg-233_cleaned\Mee rebus\UB0V2YLLL05P70116XW2VQHR.jpg,Mee rebus,all,e2b54baf4e95ac43db37acf77156e9b4,b7b4e88ad179c590
../foodsg-233_cleaned\Mee rebus\LHEY8HWDTWSEV9VRUA1RTBG3.jpg,Mee rebus,all,bd9ee13e1a42c34ef8ac461af562eac7,b7b4e88ad179c590
../foodsg-233_cleaned\canned Fruit salad\S7MK48VA79U6LKA42SQW1UPJ.jpg,canned Fruit salad,all,9cc0be9a18cb96148270f8b2b1404ab1,b7d3c02e0e3973c4
../foodsg-233_cleaned\canned Fruit salad\U8939UCW9JTLYZWK196R3USJ.jpg,canned Fruit salad,all,67aae8b6a719a292fbd32f2bb284bb22,b7d3c02e0e3973c4
../foodsg-233_cleaned\canned Fruit salad\NS7RL18AKMHSR6703SAN1YLS.jpg,canned Fruit salad,all,c10338bc83ae87a8cdc690dab739c351,b7d3c02e0e3973c4
../foodsg-233_cleaned\Nasi pattaya\YEP6GVUZLI687EFYMU5O0O82.jpg,Nasi pattaya,all,0cb0ad0c3db7ee084af74cd9d813d590,b8075f917a117327
../foodsg-233_cleaned\Nasi pattaya\5ZGZILCR40JG2T0ABEOZ81SK.jpg,Nasi pattaya,all,b8da1ea347ff165bab5326deabe5f3c3,b8075f917a117327
../foodsg-233_cleaned\Mee kuah\YFII6ITBIXNKHC6Q5VP61PH1.jpg,Mee kuah,all,deb820acbc4c0140b1dfb28b4169e788,b885bcd54d5c9459
../foodsg-233_cleaned\Mee kuah\C63PSQVIPP5FZH74AL03OVW9.jpg,Mee kuah,all,fac49f50bfe297f29798102c5e6fd78e,b885bcd54d5c9459
../foodsg-233_cleaned\Mee soto\4Y4YWN65LGCDT3KW6IRCREEC.jpg,Mee soto,all,0850be76bcb9e781effd0a7d145d2fbc,bad0adc1b596968a
../foodsg-233_cleaned\Mee soto\55VJRPZZE7D47GTOGC6KD04N.jpg,Mee soto,all,4f06beb8573ef0150109ac969a462278,bad0adc1b596968a
../foodsg-233_cleaned\Soto ayam\IG4UODIVARI2LHFFTIUKRSQG.jpg,Soto ayam,all,2861420284f55d0bbe33a65fb90c0d05,bb3ec9c032c9a533
../foodsg-233_cleaned\Mee soto\TZFDIBC5MO9GGZ0QKN88C2J5.jpg,Mee soto,all,0f3bc536a4854f08e3ace1ec4339f471,bb3ec9c032c9a533
"../foodsg-233_cleaned\Bee hoon, soto\8AFXFCLNL2ROM3Q8022MEBZR.jpg","Bee hoon, soto",all,0973dc639744a6ce27113d55f43b66a8,bb3fb0ba816c1629
../foodsg-233_cleaned\Soto ayam\ZERWIU891956OW2XDH5HL1TG.jpg,Soto ayam,all,df982cea4be0a4d4596dd9e69f3a171d,bb3fb0ba816c1629
../foodsg-233_cleaned\Mee soto\W6H5RNLEUYC1NG8TBD412VKM.jpg,Mee soto,all,48486bf282ae85b9e82632f474905c23,bbb3b4c0d1c3c09e
"../foodsg-233_cleaned\Bee hoon, soto\8E27RGUPX4OTFRP9AH9UQSUF.jpg","Bee hoon, soto",all,e9d5d7cc6e5b38ce330e9989bf9fbc4c,bbb3b4c0d1c3c09e
../foodsg-233_cleaned\hokkien prawn mee\MRYBM6DNGGR7755MCMQJLS5I.jpg,hokkien prawn mee,all,60fe4b13f10c7d5c8fac6f868b2e2835,bbccc13f1ce2c132
../foodsg-233_cleaned\hokkien prawn mee\5S8UAZL9J7HJJQE4TBGIFWK1.jpg,hokkien prawn mee,all,29bf0c6c3560285a0ce3cc35b8fcb7da,bbccc13f1ce2c132
../foodsg-233_cleaned\Mee rebus\NHNDEH0NX87U3XFOVMOM5OXH.jpg,Mee rebus,all,09968e69c4aa1a9ca679ed361f6e5f1e,bbcec43092c6cf86
../foodsg-233_cleaned\Mee rebus\3U3NKGFMU5964ZRRJPJ8VOEQ.jpg,Mee rebus,all,bf4d04c0a7abdfb6e81e36e412492dc9,bbcec43092c6cf86
../foodsg-233_cleaned\Seafood Noodles Soup\NXKEL2Z4T691IXTZWHXXB72J.jpg,Seafood Noodles Soup,all,3e72a6faf32adace6b7fb80e447f42e2,bbd0dcc03b6a9926
../foodsg-233_cleaned\bee hoon\TBL8UPC1B11OIGJFM76BP25N.jpg,bee hoon,all,26e47d954597b5410497ea62e4de8c3c,bbd0dcc03b6a9926
../foodsg-233_cleaned\bee hoon\RCDLSXK355E6DVKDPZPRB90H.jpg,bee hoon,all,f531e262254516d6c4c38f8ea9e70f49,bbf7e468c1258037
../foodsg-233_cleaned\satay bee hoon\8NCVFB84MK68GBNF4MZILDZZ.jpg,satay bee hoon,all,7c5829c339b5cc8556bdd63ce2dc567b,bbf7e468c1258037
../foodsg-233_cleaned\Prawn Noodle\9WI76T1J5EDEJJRLTG0MT0MX.jpg,Prawn Noodle,all,c814abd52e03d1ca9feab6567b37225e,bc91c756c07c1f61
../foodsg-233_cleaned\Prawn Noodle\7V85MPW4YNZQAQAQHFJOIH4N.jpg,Prawn Noodle,all,2505bf9c0d5ceeb7583ab9969c83499b,bc91c756c07c1f61
../foodsg-233_cleaned\Mee soto\O90TS2Q5VEOULY4GISAYZE8S.jpg,Mee soto,all,ef1c243623fca689c1102d48ca2de020,be8574c6c79f4070
"../foodsg-233_cleaned\Bee hoon, soto\3F67YWC953FX09HT14MO1EVO.jpg","Bee hoon, soto",all,44d59c9a30f7a0e4d1d0dc9076f7131d,be8574c6c79f4070
../foodsg-233_cleaned\Fish Ball Noodles\K9GDPSS769ZJSALPLHUSRLBQ.jpg,Fish Ball Noodles,all,ce86fbd637e1a2b354f5babb2dd5082a,bf9cd0c5c035a972
../foodsg-233_cleaned\bak chor mee\RNEKOEDFDHBEU7R31IC4AWVW.jpg,bak chor mee,all,496f7ee4bec671eebbbbaf39db8e554a,bf9cd0c5c035a972
../foodsg-233_cleaned\satay bee hoon\PWU9SHQMX7KKWT877OK879TM.jpg,satay bee hoon,all,01def402e85e3616b5a3ebae71ccec07,bfc1f804d3cc0673
../foodsg-233_cleaned\satay bee hoon\30Y7YZ8RPRX35LBRQN7AW9ZZ.jpg,satay bee hoon,all,1872a0294b9286fc563f9591a03212b3,bfc1f804d3cc0673
../foodsg-233_cleaned\rock melon\4DSLD993YMEG9T4ND240VH0M.jpg,rock melon,all,863220dd6d0bb8c79d72eecbb080c67c,bfc4c0b90f3cb681
../foodsg-233_cleaned\rock melon\2ILONUHQMKY505OG0H332UNY.jpg,rock melon,all,e690bcf3c650bff01c06e0b442b585b9,bfc4c0b90f3cb681
../foodsg-233_cleaned\mee pok\PX34L55ZXQ3YGU5FGEFFLIIK.jpg,mee pok,all,c7571b88c6e940c74aad0a13c413269c,c0df57fa07a885c1
../foodsg-233_cleaned\bak chor mee\UPTKBO38L68R656RPG6CZMDM.jpg,bak chor mee,all,66ff8aa2379ba576bdcb66934eb6345c,c0df57fa07a885c1
"../foodsg-233_cleaned\Bee hoon, soto\82YT8LHG9XQ3K4JHQQ1SN21T.jpg","Bee hoon, soto",all,40ba6e73097b78dd2093e2070811bad8,c0f917c298a739c7
../foodsg-233_cleaned\Soto ayam\SG4XZPCE04B55QIK4L1M7BHN.jpg,Soto ayam,all,04d806db2de0e9fe3b75d811dcb4a26e,c0f917c298a739c7
../foodsg-233_cleaned\Fried Noodles\97FRGQ1B9H9SGF4R5WTZFZ0L.jpg,Fried Noodles,all,6fdfb9e2085e33ed77b552bb09e94b55,c1fc0e603da7649e
"../foodsg-233_cleaned\Mee siam, fried\OIQPO3IWH2PWO6V9ATDYDJ33.jpg","Mee siam, fried",all,d7af11e43c8b90e1836ebf23ba771ba6,c1fc0e603da7649e
../foodsg-233_cleaned\mee pok\LWOIOKIGYHB2H3WC67URV5Z3.jpg,mee pok,all,00c0321314ea3d13ada540a9c669630d,c398fa39711298fa
../foodsg-233_cleaned\bak chor mee\G0D7VY3G89GDEWXRF0AJ9DWW.jpg,bak chor mee,all,ecb3b51d18527709b8bfb98f873f03d9,c398fa39711298fa
../foodsg-233_cleaned\lontong\M8TSUO6948O1V8K3X5ZXAJEW.jpg,lontong,all,99766839a43d4e9401f385f62d10eefa,c40c7e27799c64d3
../foodsg-233_cleaned\Lontong with sayur lodeh\P518M15U87N2EJGZV5D362ET.jpg,Lontong with sayur lodeh,all,d72eda78a1e83400fd766308d271c7d1,c40c7e27799c64d3
../foodsg-233_cleaned\fried prawn\VNIPTFDU50MW8KWVX47S4P9X.jpg,fried prawn,all,c7986bde27bde9946dfdbef4f81122b8,c4e9577a45464e39
../foodsg-233_cleaned\drunken prawn\XV3QMUFY6L0PSAXX0LOKMRCG.jpg,drunken prawn,all,ac514648c4a420ffbcf08e2ea9fe3092,c4e9577a45464e39
../foodsg-233_cleaned\Lontong with sayur lodeh\JTI57Y4SXAEN6HB83G8DNJLU.jpg,Lontong with sayur lodeh,all,3ca09e63526e68972b1be3511aecbc4f,c5d32d5c3ac60799
../foodsg-233_cleaned\Lontong with sayur lodeh\U2LO81888RA65V8MR7EFTGBX.jpg,Lontong with sayur lodeh,all,2daf032914137864e8b3d053ad094533,c5d32d5c3ac60799
../foodsg-233_cleaned\Grapefruit\Y62L28QLKBSLA3NKRVG4D1UN.jpg,Grapefruit,all,643d0e220acc7e4c3d7868406ca0e8e4,ca9399aa5b8aa699
../foodsg-233_cleaned\Grapefruit\9ZNSPPBD9SZ1OZA08GYPUHZL.jpg,Grapefruit,all,dc0ed55a50c3e28dad444cabdf7c26bb,ca9399aa5b8aa699
../foodsg-233_cleaned\bak chor mee\E3YRPCH67QO47EDGDYFN7T1X.jpg,bak chor mee,all,375097e2a4ed6f71ac3e369007ffeba5,cbd62e643c495e07
../foodsg-233_cleaned\bak chor mee\TV842L8XYUQVVE8OBD2OZS77.jpg,bak chor mee,all,09838524a265f2e3dbe1af7738d7d386,cbd62e643c495e07
"../foodsg-233_cleaned\Mee siam, fried\IWG2UWYGTBS0843LEO1D7STN.jpg","Mee siam, fried",all,3c02f13fefe56f11fe8210453078c2e8,cc4640fe8eec9f81
"../foodsg-233_cleaned\Bee hoon, goreng\3ZTC3MFNSBMCFRE4IPIAKUMV.jpg","Bee hoon, goreng",all,30e9c6da9e23d10a4286050d1e5b65ef,cc4640fe8eec9f81
../foodsg-233_cleaned\bee hoon\4I5YY1G40YWU0PGKLP1SG88J.jpg,bee hoon,all,2319dc018d8aced991fa5e0761fa2898,cd50e2cbb6551b98
"../foodsg-233_cleaned\Bee hoon, goreng\6K3E66RW971JHFCQ2VDA60AB.jpg","Bee hoon, goreng",all,3146fc4ac39192da08e67ad7bdbde2c6,cd50e2cbb6551b98
"../foodsg-233_cleaned\Bee hoon, soto\HR9NMYQN0ZIRPP5G8V8SX905.jpg","Bee hoon, soto",all,16fdb540c9bbe79c9c96f7e38a2b5cff,cdb136ca98c1998f
../foodsg-233_cleaned\Mee soto\V0YVUUYOS7YDDX04LL56JY5D.jpg,Mee soto,all,8ebf36befc073a9ef51fd801a3537072,cdb136ca98c1998f
../foodsg-233_cleaned\Mee soto\GSWNRQXIJLK780N4C74U45FP.jpg,Mee soto,all,5e93f0ce3ce7a18042f12bf42e68e9bd,ce3973c6c8d8701e
../foodsg-233_cleaned\Mee soto\3S3EA3NEZ5ESRNNOO8S729RF.jpg,Mee soto,all,85f22031f9a1640105ff31c01bf51e98,ce3973c6c8d8701e
../foodsg-233_cleaned\Mee rebus\AHO5BP4O0ONLFKBH6I6XJ05C.jpg,Mee rebus,all,ccd20558c0c39df9cfe0e0ac26b7ba47,d154429a4b6e8df3
../foodsg-233_cleaned\Mee bandung\ZY0OHZBGLOOGEZDSKM5452AO.jpg,Mee bandung,all,3550226f92c4b2691e7c2f17b503cfe3,d154429a4b6e8df3
../foodsg-233_cleaned\Soto ayam\PBTUTCF04LT6R5SRYDBYEQ9G.jpg,Soto ayam,all,9d995eb8e30afb675822dba37de03ac3,d1b172c39a2b1a6d
"../foodsg-233_cleaned\Bee hoon, soto\Z33MP7GZ9VU79NM9CTNYV3BR.jpg","Bee hoon, soto",all,da77c3258bada8c8b98c379302273a4c,d1b172c39a2b1a6d
../foodsg-233_cleaned\Soto ayam\UO7UWT79QR466MDYRKZ1Z0L8.jpg,Soto ayam,all,9f6639ce68a44a65134c07eb1282f8ec,d2865a3a2e4cbcec
../foodsg-233_cleaned\Soto ayam\L9NA0JQXKHC9JGNXUU9A7Q3E.jpg,Soto ayam,all,3eba085cbc512d13229d09a8164c03b4,d2865a3a2e4cbcec
../foodsg-233_cleaned\steamed buns\PL010TVM0UU0HRCRU6AVXURV.jpg,steamed buns,all,1e9b35365fe1831170b59a59386dd50a,d29e5c916143e766
../foodsg-233_cleaned\char siew pau\KKTLRDZLJNZTL931UUOPNO0O.jpg,char siew pau,all,ec67d6e420c7c485170d52a71db2af51,d29e5c916143e766
../foodsg-233_cleaned\mushroom soup\OR7QYZ3OHX2UXIYF1U72ATIO.jpg,mushroom soup,all,fc40911773ad91f0433335f23c2ce8ae,d2a8c9872fde648a
../foodsg-233_cleaned\cream soup\T9IIJ6MN7QM2P5YU3BBAY18Y.jpg,cream soup,all,cb5cf80f7232cc08c7ac29e158d1c402,d2a8c9872fde648a
../foodsg-233_cleaned\sliced fish soup\ITE8BA739X967W1UHLEQKMYC.jpg,sliced fish soup,all,835683ce6b81ac07e6b2f2ea9ec87bf0,d4946b0b3d4bd03d
../foodsg-233_cleaned\Seafood Noodles Soup\SGNN198LL7AEZ9F314G1S0MT.jpg,Seafood Noodles Soup,all,bb94b30666be33fa7d69b99f3a26dc8a,d4946b0b3d4bd03d
../foodsg-233_cleaned\bee hoon\5BPJDV0KT12H4PD0OJ7QQ070.jpg,bee hoon,all,baa12ddc71ff3f3ea922597bde7b908e,d568ca25c91787da
../foodsg-233_cleaned\bee hoon\M93BT20EIY7OQTITCDY46J6F.jpg,bee hoon,all,630d5f646a0b462d43cf60afffe3c9c4,d568ca25c91787da
"../foodsg-233_cleaned\Mee siam, fried\T9MHJU08LPNR1DXIDODVBM1T.jpg","Mee siam, fried",all,8bc0bd9471d77bcadb4803def6c9a810,d6884f8d6cc51bd8
../foodsg-233_cleaned\Mee siam\WBEWHCG7Z9LBXW7LCCA8W50T.jpg,Mee siam,all,27cac1693f8fcad1d60948ecc8f5d042,d6884f8d6cc51bd8
../foodsg-233_cleaned\whole oats\UGGLC5GVFJEA6SHXKO9URE3M.jpg,whole oats,all,468072aebea7b5cdb6ef6293e6fa716d,d6d1a6a8aa4a5c37
../foodsg-233_cleaned\breakfast cereal\PUVO0OA9OH4OTS94FPSSYJWW.jpg,breakfast cereal,all,5d05d4ebc7753170fd6a659e1740c2a9,d6d1a6a8aa4a5c37
"../foodsg-233_cleaned\Bee hoon, soto\FCKN88NMQ7IUUHWY07ODPNKN.jpg","Bee hoon, soto",all,d5901eb703a014e13807e154192930ef,d7e980e30f844f93
../foodsg-233_cleaned\Mee soto\0BMLZ4WU7TA7X0CAJAJPFX7I.jpg,Mee soto,all,462eaac5b994b3025d3d8c459dc3e771,d7e980e30f844f93
../foodsg-233_cleaned\mixed vegetables\MXXKN56GO8J4N1DKR3NIQP7D.jpg,mixed vegetables,all,84c83a32da8ecc230342d14929131117,d8c873617967a32c
"../foodsg-233_cleaned\Bee hoon, goreng\6JB74OS00H8SER2O3DX477YI.jpg","Bee hoon, goreng",all,c62462fc0e0c536ee92744fe4e033d53,d8c873617967a32c
../foodsg-233_cleaned\Dumpling noodle soup\OGOZ05OYNT68BLG7O1IQ7JG1.jpg,Dumpling noodle soup,all,e2ae66063c0499eb6ab9e53fca1adcf5,d9f37be073814017
../foodsg-233_cleaned\Dumpling noodle soup\KO52OY8O15YCMPJHV3BXILW4.jpg,Dumpling noodle soup,all,9da636e7642b092f49fc3c37f581ba3b,d9f37be073814017
"../foodsg-233_cleaned\Mee siam, fried\DMPTXRB0BO8OFX98XADP5COJ.jpg","Mee siam, fried",all,187198e712ff4d22c30c0ae416b28b0f,de8760d1c39a9e68
"../foodsg-233_cleaned\Bee hoon, goreng\CZPL8KB8R29Q22MR878IROCL.jpg","Bee hoon, goreng",all,7dd4b6cd252b4da45b4af5ab75aeeba9,de8760d1c39a9e68
../foodsg-233_cleaned\Laksa\TCQ7MLFKOV5AMEJEOFPZSYG4.jpg,Laksa,all,eaf5f9c4d28ba5be868dd7d965d5569e,decbf5342e401aaa
../foodsg-233_cleaned\Laksa\WU0Y9K6L4E20CUT4KRQCJXBR.jpg,Laksa,all,56760a127df5381dccc7fde4d305e3b6,decbf5342e401aaa
"../foodsg-233_cleaned\Bee hoon, soto\QTQ7WMC64VDF1YTV7BFBWGF6.jpg","Bee hoon, soto",all,db5eb4e4183a0a006beb822bcdff68c3,dee86a9623134d9c
../foodsg-233_cleaned\bee hoon\IOW7U57ONKJRUIZGJ74L6IVK.jpg,bee hoon,all,51267f4e24af07f61dc1e27068169d8b,dee86a9623134d9c
"../foodsg-233_cleaned\Bee hoon, soto\B20QKJ6L9DVMIFWDUSRY4CXW.jpg","Bee hoon, soto",all,2018e4c70b719a3351a02e287a1ed08c,dfe310c6b10317f8
../foodsg-233_cleaned\Mee soto\H6EZ6Y4RHMRU3FG2QPP61TTT.jpg,Mee soto,all,8e6660d5e1c969fdaa851a50baa3b133,dfe310c6b10317f8
../foodsg-233_cleaned\bak chor mee\ADZMAGKI7TXNXX91ICN0R80L.jpg,bak chor mee,all,3413fe000978ee454235f582eaf4813f,e0de8bb3ae919451
../foodsg-233_cleaned\bak chor mee\FDWUP8M214BVN3QIJHOMRKT4.jpg,bak chor mee,all,d58b0dd94854f47b385ba2fc9ffde221,e0de8bb3ae919451
../foodsg-233_cleaned\vegetarian bee hoon\5ZUZTTE2UGHDWCPAU907HJ3Y.jpg,vegetarian bee hoon,all,665131876f5b6eb1b49b035009e26d4b,e2abbf18f151d450
"../foodsg-233_cleaned\Bee hoon, goreng\PFKBWNN1IX3T3IPBUKM3LHI8.jpg","Bee hoon, goreng",all,a854faeb1cac28f5aef81fca4da9cfb3,e2abbf18f151d450
"../foodsg-233_cleaned\Mee siam, fried\9QSRGMSBETFK6LA5HNSU2XF6.jpg","Mee siam, fried",all,9863081a85f673ddb96ea20d7bb47588,e2ada0d583959756
"../foodsg-233_cleaned\Mee siam, fried\90FM0FD9NJQ0026V2PXYBH00.jpg","Mee siam, fried",all,47738118b32ee12c3687d2aaee8f7737,e2ada0d583959756
"../foodsg-233_cleaned\Bee hoon, soto\62SIU91BN313NEVXS8KR4RA3.jpg","Bee hoon, soto",all,2371ab543eb0d3ca9dbdf72da9035f5b,e2ef8548562f1a65
../foodsg-233_cleaned\Mee soto\SV32SQJKM4K9EX2VAJ26RZHI.jpg,Mee soto,all,92486c1e9b4d8c1dc240e52d1428c81c,e2ef8548562f1a65
../foodsg-233_cleaned\Mee soto\S94A69SWVEB5U324REWGIAS8.jpg,Mee soto,all,e1fc61175a75ed6fcc92e13d2b519ea1,e349cbcc9c363594
../foodsg-233_cleaned\Mee soto\6G9IU4WZFVATUWXI1UYLL83K.jpg,Mee soto,all,2c48a6ef47957314246ced15225e1d8e,e349cbcc9c363594
../foodsg-233_cleaned\Bibimbap\GBD65G66H8LYWEU5K1C8T51T.jpg,Bibimbap,all,5d491d3e0bd82f3e7d637fcc7e25aa85,e39aaea591336689
../foodsg-233_cleaned\Bibimbap\P67GBNA31TCZWNAATT63R4N6.jpg,Bibimbap,all,5ca4d6d328f499a2430e8a2e1ddafc67,e39aaea591336689
../foodsg-233_cleaned\seaweed snack\NEFCUL4U34J0WXZ582QP4RP7.jpg,seaweed snack,all,50995608bb89598734434c178fffc334,e4399b6c98c3c69c
../foodsg-233_cleaned\seaweed snack\ZQC8IVDATSZ2L13ZC6LV5NR6.jpg,seaweed snack,all,99618b8db3a3a604095784fc8eae0f71,e4399b6c98c3c69c
"../foodsg-233_cleaned\Bee hoon, goreng\OZNTUAT3N7DKEGME04YQLAWX.jpg","Bee hoon, goreng",all,4704b84f814b671034d330f079299087,e45791fa29f06a8a
../foodsg-233_cleaned\vegetarian bee hoon\WWU2T2V0E240WUZC21HG0RKJ.jpg,vegetarian bee hoon,all,7cc684a0b0cee34f9dbdb6bccdcc8629,e45791fa29f06a8a
"../foodsg-233_cleaned\Mee siam, fried\V8U1S1ABIYOBIP5E60QQ9JUI.jpg","Mee siam, fried",all,46f2d65d7610e62c971636648c0e8c90,e66e45f903811f9a
../foodsg-233_cleaned\bee hoon\RN6E9OTLEMGA2A3IK3YJQ077.jpg,bee hoon,all,4fb9ae5bb500111d49f5651adc0c05a7,e66e45f903811f9a
../foodsg-233_cleaned\Soto ayam\76OX01PFN8C4189CLMW58HG7.jpg,Soto ayam,all,10025e49d843821f1647e8fc3e443c0e,ea6e5869e09083df
"../foodsg-233_cleaned\Bee hoon, soto\ZJAUNIEH1FWSIL5NSR8OKMRN.jpg","Bee hoon, soto",all,299baeb719d970d92fe00222e0c48929,ea6e5869e09083df
../foodsg-233_cleaned\Grapefruit\P12OLNHRM82249T5ZMM5IOOH.jpg,Grapefruit,all,4032a8dc43ab900bcda993608983b5e0,ea87f0b4b5d8068d
../foodsg-233_cleaned\Grapefruit\6P0Z6LYECIQ7YSM7CUG9G1PQ.jpg,Grapefruit,all,9a112daeb9cd6c2808f7483a13dd1800,ea87f0b4b5d8068d
../foodsg-233_cleaned\Kway Teow\RPYCQPUREW0PGCDO1KTRQ33W.jpg,Kway Teow,all,f6c568c168db6ac0ffe6b1242e0ecb10,eae6f62ad0b54095
../foodsg-233_cleaned\Kway Teow\97MNNVHVF3N8UPGY7LI1WILA.jpg,Kway Teow,all,7a70f8bf9c5bfe51899bb6734ca2e3d8,eae6f62ad0b54095
"../foodsg-233_cleaned\Bee hoon, goreng\IWVUK3DZ8ZSZC6AR7AYYBZY5.jpg","Bee hoon, goreng",all,783e84b4e80ce761eb04bf37a8db8a1d,eb0b9962f0f2d22a
"../foodsg-233_cleaned\Mee siam, fried\6MD8Y9ZTLL31KBR9NAI3WP8A.jpg","Mee siam, fried",all,56bf48234b0d94b11c72dc1b91954634,eb0b9962f0f2d22a
../foodsg-233_cleaned\Mee rebus\YB42GKXP1Q6FOTMP88HWK15G.jpg,Mee rebus,all,99fac20c49b742f4bead484c6d08af09,eb4fa0759051d4dc
../foodsg-233_cleaned\Mee rebus\R2QDKZSJWRERAXXGEQX9QPLU.jpg,Mee rebus,all,8f33060d245cf1bf96b07764aaaf658c,eb4fa0759051d4dc
../foodsg-233_cleaned\satay bee hoon\77T33Q0JX730LX62WIS111T0.jpg,satay bee hoon,all,cbe7c74cd5ce546248eccebd1e4827ec,ebc1bdace0908795
../foodsg-233_cleaned\satay bee hoon\70CJHPFPHW0B9ZUE2UDHDDE7.jpg,satay bee hoon,all,d0550a1c65cea5ea19355953cac4bc78,ebc1bdace0908795
../foodsg-233_cleaned\char siew\UX2K7RFZDNSEQFD652CWX78H.jpg,char siew,all,d66b557e76512e7c63df926a1cc67340,ec14c049b56fcc3d
../foodsg-233_cleaned\char siew\EQ5RSDB73EBB99PY58P1YCOI.jpg,char siew,all,aec332358c66fec087151b6318817777,ec14c049b56fcc3d
"../foodsg-233_cleaned\Bee hoon, goreng\PSI95F6CRG3AO822ZUOET5TO.jpg","Bee hoon, goreng",all,56d7094ff1d1f95adc4834f410b2bb43,ecb052c07df3aa4a
../foodsg-233_cleaned\vegetarian bee hoon\LA71418I4KXKB0NS97H6KZ82.jpg,vegetarian bee hoon,all,fa295f45eb7114c44cf6329910adf2ff,ecb052c07df3aa4a
../foodsg-233_cleaned\Mee rebus\HCVHB7R0MP5YK5F853FCR3HU.jpg,Mee rebus,all,ff7c33468ed8e6d93051e8a7c28a1c31,ed78b0e061e3a786
../foodsg-233_cleaned\Mee rebus\2X6D8RA4W4QP1PQQL390KNSF.jpg,Mee rebus,all,e614b1bce0be614c6128632af4ea6436,ed78b0e061e3a786
../foodsg-233_cleaned\mee pok\IR6K1W2HSL4OB2X5PR972JTN.jpg,mee pok,all,24dd032214591a1ea76b5b120ab173a8,f0d59b7be0c484a9
../foodsg-233_cleaned\bak chor mee\U171NLXSQUA6BHNWNA1DVQFL.jpg,bak chor mee,all,934822bd9001cfb7ed86ef306d75fb7e,f0d59b7be0c484a9
../foodsg-233_cleaned\Mee soto\0WB75Y7DD5LRGB3G9ITPA3WH.jpg,Mee soto,all,5eed0ef0e666fcefc64c9af5f022f514,f158e0c15763d746
"../foodsg-233_cleaned\Bee hoon, soto\IDOOX7HOWBCLZY6ZQ4E378RL.jpg","Bee hoon, soto",all,576d2751a8cf2f29a5f47478e15ec3b9,f158e0c15763d746
"../foodsg-233_cleaned\Bee hoon, soto\LZX9CO3FK2AKVC9FXMQZFR35.jpg","Bee hoon, soto",all,4945900e71a8be1f0d9d827d3e7e71f1,f39a820f2d6d9507
../foodsg-233_cleaned\Mee soto\FI2L1J51029JS5NJTUUEAE0Q.jpg,Mee soto,all,3aa2a4c5aee4b096a9362995767521d5,f39a820f2d6d9507
../foodsg-233_cleaned\chai tow kuay\8HM6IFQFHH82J21DGG98FWO4.jpg,chai tow kuay,all,f2e3dd29319477aa00d505c5134fb428,f46cc460c04fbcf3
../foodsg-233_cleaned\chai tow kuay\OGWLVFKDTM1RMD7SXQ248X90.jpg,chai tow kuay,all,0f7460ca53e11c9e80d3e9aa5e53770b,f46cc460c04fbcf3
"../foodsg-233_cleaned\Bee hoon, soto\1AR76XG0PW7BHEGTTUH67VZV.jpg","Bee hoon, soto",all,4f1728e13cdb85be57930440c167bda9,f4fdd0d354c25a0c
../foodsg-233_cleaned\Seafood Noodles Soup\85XIK4LAW0ZDFTLKEI5GNY86.jpg,Seafood Noodles Soup,all,1ad77416725fa517253f92a9e032a777,f4fdd0d354c25a0c
../foodsg-233_cleaned\Mee siam\FYAIN7YXS816U4XADP3AMN0B.jpg,Mee siam,all,be6dceb303fbf67cb350dedd06b796f0,f51e99a56d968990
"../foodsg-233_cleaned\Mee siam, fried\4QYU15U4UVH7LGP6ERESRD49.jpg","Mee siam, fried",all,f277678775c10003a33070d3cbe08680,f51e99a56d968990
../foodsg-233_cleaned\Soto ayam\5DMIALZ3EK1CTE5SJ2CJJXIR.jpg,Soto ayam,all,a5bf64101af5d621d3faa4659e737391,f5a1da4c49c26dd2
../foodsg-233_cleaned\Soto ayam\HFUDSZMO279ZTPJH0RNKUTRA.jpg,Soto ayam,all,1f0eb80b52433eb69fc4a9794ab905cc,f5a1da4c49c26dd2
../foodsg-233_cleaned\drunken prawn\157XLLV1FNZPRFALXFHER83U.jpg,drunken prawn,all,3b47aa728ad5fe52e9846a8fd2739f70,f65f3421ad4de481
../foodsg-233_cleaned\drunken prawn\8J7BW8YJGF0YI8GARXWCP9OE.jpg,drunken prawn,all,28172b195661825f050afc13c4e4c863,f65f3421ad4de481
../foodsg-233_cleaned\Soto ayam\1UAGY29II3S5KYZIYY1HFMLZ.jpg,Soto ayam,all,76494d7737f218164b2f95dcae19bb1d,f74b5461608d8a5f
../foodsg-233_cleaned\Soto ayam\5GBCW2GO979VOGKAH58MOXD4.jpg,Soto ayam,all,be167790c63de7556245583a5bfe0a7f,f74b5461608d8a5f
../foodsg-233_cleaned\hokkien prawn mee\FYGALJI0KQE6KYWP64UCWA9S.jpg,hokkien prawn mee,all,89893613a64a4ab734ea10e477ebc6bc,f8a80bab07983af5
../foodsg-233_cleaned\hokkien prawn mee\2HP0O3REGQSZ47IC3NSKWQ1P.jpg,hokkien prawn mee,all,d422c78f83c1fd87958ff9a92de24239,f8a80bab07983af5
../foodsg-233_cleaned\bee hoon\6UR1TL52WADKXH9LK9XFUQ7G.jpg,bee hoon,all,653e24c286452c07c24558bf049ccb66,f9a5c7968657a212
"../foodsg-233_cleaned\Bee hoon, goreng\AU7R8TBA4PQHPA2TP3Y1K953.jpg","Bee hoon, goreng",all,d50eb36163ef895efd133264ab9f8f5e,f9a5c7968657a212
../foodsg-233_cleaned\Soto ayam\YYCX3LUYEMFD2SV3AGUD61Q6.jpg,Soto ayam,all,562326990107850c87b8751d0f12c74c,f9cec09e1362668d
../foodsg-233_cleaned\Soto ayam\A32WCSVFRNCDAOI3HRWJPXCL.jpg,Soto ayam,all,e0bc15ce91bbb103ae1e1cf6b62aea97,f9cec09e1362668d
"../foodsg-233_cleaned\Bee hoon, soto\IPUSON7Q5SA4N1WBTV5X5JPH.jpg","Bee hoon, soto",all,dad536b41c2226fa83117048379573ca,fa3f6b41809c97d0
../foodsg-233_cleaned\Soto ayam\E211SE0MHK2XOWBGTUTBDLTI.jpg,Soto ayam,all,1e42e962b17d85979bfeb14cbb562544,fa3f6b41809c97d0
../foodsg-233_cleaned\honeydew\HAX8DAWPCUMXU6XGRHFQKSQX.jpg,honeydew,all,c4fe9cbe3b2349391a33554bade1ef0f,fa90b1ec9826c373
../foodsg-233_cleaned\rock melon\N4YN395L4TZUHL2IVIZ3WC4G.jpg,rock melon,all,e426af096919ec00a9a1c0910b8f9a21,fa90b1ec9826c373
../foodsg-233_cleaned\Soto ayam\QG0PKUCZBAXOV4IXTIA0UC7G.jpg,Soto ayam,all,1a333f3fe52f517a82ada7d3ce56cc61,faa48dd317b2130e
../foodsg-233_cleaned\Soto ayam\4JISE1ZRW1GGCBWOVWCMPUQ1.jpg,Soto ayam,all,85a9a24640acef75ef84be0ad8cf6423,faa48dd317b2130e
../foodsg-233_cleaned\Mee rebus\FMTYL0N4M6A9FTNTBC3WAG1D.jpg,Mee rebus,all,abddd8e0761465b723355c8d6b9b8bac,fad353042a1eb39a
../foodsg-233_cleaned\Mee rebus\FXEGH2WL4JK4IPS559JO4MH8.jpg,Mee rebus,all,46fe249e50314ccf822d43bb69808591,fad353042a1eb39a
../foodsg-233_cleaned\Mee soto\DL8QNYBPDYJ7Z3XPYLW5NY8X.jpg,Mee soto,all,e9c2cbdcb751ba09ae968d8ccf661560,fb9985c262969ac9
../foodsg-233_cleaned\Soto ayam\G1SBPJHYT0NG0QPTDVCWMZ3O.jpg,Soto ayam,all,bdba890a947bf066f056e67e272a7e10,fb9985c262969ac9
"../foodsg-233_cleaned\Bee hoon, soto\84VX5UFDNB51O0TD4AILPKEN.jpg","Bee hoon, soto",all,5319236dad3ee5c5ac5460e28d7b349a,fba6d09ad169c650
../foodsg-233_cleaned\Mee soto\GQP8WM46WN65Y1AO56VRA9J3.jpg,Mee soto,all,9ce82ba4aa3d9a77caf1bbb365c5b428,fba6d09ad169c650
../foodsg-233_cleaned\bee hoon\SB5VEVFSUSC1FEESWWQQ96LI.jpg,bee hoon,all,26959c9420a9ec96e8263be1d86f238b,fbe9b414c24acc69
"../foodsg-233_cleaned\Bee hoon, goreng\3UX5OYVQ23LO1QL0544FKSHJ.jpg","Bee hoon, goreng",all,47bc3d67b30df516119a496b4dfc9701,fbe9b414c24acc69
../foodsg-233_cleaned\mee pok\5WGAFUMBZRV1ZHD7GDUBRM7K.jpg,mee pok,all,f7aab83b1d79daac8bca5fbe7d6ce6c5,fd93b447d259980c
../foodsg-233_cleaned\bak chor mee\PJZNXO3UQU4CF79ZSG2U8SSQ.jpg,bak chor mee,all,2eea72fa56c357aa58dfd2949b414cae,fd93b447d259980c
../foodsg-233_cleaned\Mee rebus\BKE077XHZB45AVB14UGMTD36.jpg,Mee rebus,all,91280bf605512395a2eb5fa8d62d8d45,fe65a402d54dd1a9
../foodsg-233_cleaned\Mee kuah\8CL7GD7W4XKA8WY1BO8MRCIX.jpg,Mee kuah,all,7e942ae846974d6f8d3c33ffb42586fd,fe65a402d54dd1a9
../foodsg-233_cleaned\bee hoon\TL3583A4NGDEW6P6C7LCAGAA.jpg,bee hoon,all,e9a0e37242dd452af4130ea9ed0e9107,fea0eb45c077ca0c
"../foodsg-233_cleaned\Bee hoon, goreng\RLBRRHKMFNDA05P2UZEDEXDP.jpg","Bee hoon, goreng",all,32e4ca8a52bda4a5df0da8cb663fa106,fea0eb45c077ca0c
../foodsg-233_cleaned\Lontong with sayur lodeh\5BXGTF1SXU60MMYC0EWQF2RQ.jpg,Lontong with sayur lodeh,all,1b5fb1cd979113fb0251ab0f4138eca3,fee48492834b8f6c
../foodsg-233_cleaned\Lontong with sayur lodeh\RQG0WISZUYUVAWGBX4CY5C79.jpg,Lontong with sayur lodeh,all,d2c017312fecb6993096885e6971ada3,fee48492834b8f6c
