class_id,class_name,support,cnn_silhouette,vit_silhouette,convnext_silhouette,cnn_acc,vit_acc,convnext_acc
0,Alcoholic Beverage,77,0.22256170213222504,0.2258325070142746,0.43230754137039185,0.922077922077922,0.9090909090909091,0.961038961038961
1,Apple,65,0.037973128259181976,0.07599082589149475,0.22185193002223969,0.7846153846153846,0.8153846153846154,0.8615384615384616
2,Apricot,43,-0.0026131554041057825,0.09824986010789871,0.14660239219665527,0.5581395348837209,0.6511627906976745,0.813953488372093
3,Avocados,56,0.11900556087493896,0.2751701772212982,0.5030317902565002,0.7857142857142857,0.8571428571428571,0.8928571428571429
4,Ban Mian,47,0.0249955952167511,0.08113916218280792,0.12855969369411469,0.574468085106383,0.7872340425531915,0.7872340425531915
5,Barley,40,-0.09427963197231293,-0.1008480042219162,-0.04628913477063179,0.225,0.225,0.475
6,"Bee hoon, goreng",126,-0.021020350977778435,0.005919784773141146,0.046398892998695374,0.7857142857142857,0.6587301587301587,0.7936507936507936
7,"Bee hoon, soto",62,-0.15589158236980438,-0.1161561831831932,-0.13952110707759857,0.1935483870967742,0.3387096774193548,0.3225806451612903
8,Bibimbap,103,0.28900060057640076,0.21152007579803467,0.35969850420951843,0.883495145631068,0.8932038834951457,0.941747572815534
9,Blackberry,52,0.22996821999549866,0.2259463369846344,0.42599862813949585,0.8461538461538461,0.8076923076923077,0.8846153846153846
10,Bubble Milk Tea,102,0.2695790231227875,0.2313574254512787,0.313970685005188,0.8529411764705882,0.8823529411764706,0.8921568627450981
11,Burger,102,0.4233114719390869,0.43718674778938293,0.6191709637641907,0.9705882352941176,0.9509803921568627,0.9607843137254902
12,CNY love letter,59,0.1482180505990982,0.10456596314907074,0.21934770047664642,0.7966101694915254,0.7966101694915254,0.8813559322033898
13,"Chap chye, Nonya",50,0.10003957152366638,0.14572370052337646,0.22420813143253326,0.84,0.9,0.88
14,Chinese fritters,100,-0.18625226616859436,-0.08031881600618362,-0.059542082250118256,0.49,0.57,0.67
15,Chocolate,500,0.04671635851264,0.12741948664188385,0.23702280223369598,0.83,0.876,0.892
16,Claypot Rice,83,-0.04549914598464966,0.034058839082717896,0.09615324437618256,0.6265060240963856,0.6867469879518072,0.7228915662650602
17,Cucumber,53,0.4453032910823822,0.4910484254360199,0.6633896231651306,0.8867924528301887,0.9811320754716981,0.9811320754716981
18,"Don, chicken teriyaki",61,-0.10864048451185226,-0.04687844589352608,-0.05587887391448021,0.45901639344262296,0.6557377049180327,0.5737704918032787
19,"Don, unagi",74,0.15599864721298218,0.23332755267620087,0.3887598514556885,0.7972972972972973,0.8648648648648649,0.9324324324324325
20,Duck Rice,88,-0.008667298592627048,-0.009927057661116123,0.033309031277894974,0.75,0.6818181818181818,0.7840909090909091
21,Dumpling noodle soup,75,0.0011771853314712644,-0.01744323968887329,0.036812637001276016,0.5733333333333334,0.6,0.6933333333333334
22,Fish Ball Noodles,68,0.10620851814746857,0.09787308424711227,0.15550969541072845,0.75,0.8088235294117647,0.8235294117647058
23,Fish and chips,90,0.26345887780189514,0.2365904301404953,0.5103553533554077,0.9333333333333333,0.9333333333333333,0.9666666666666667
24,Fried Noodles,95,0.00027436629170551896,0.045207761228084564,0.06824109703302383,0.7368421052631579,0.7157894736842105,0.7157894736842105
25,Fruit juice,214,0.04075011610984802,0.017728017643094063,0.16803905367851257,0.822429906542056,0.8878504672897196,0.9018691588785047
26,Grape,61,0.07852062582969666,0.16969552636146545,0.3807999789714813,0.7704918032786885,0.819672131147541,0.9508196721311475
27,Grapefruit,139,0.26139524579048157,0.2948152422904968,0.4157695770263672,0.8992805755395683,0.8992805755395683,0.920863309352518
28,Hor Fun,92,-0.17959603667259216,-0.03428536280989647,-0.03272457420825958,0.4673913043478261,0.717391304347826,0.6630434782608695
29,Indian Pancake,91,0.06601705402135849,0.20087650418281555,0.2758193910121918,0.8791208791208791,0.9230769230769231,0.967032967032967
30,Indian Prata,62,0.0499536357820034,0.11225398629903793,0.2346210479736328,0.7903225806451613,0.7741935483870968,0.9193548387096774
31,Instant Cereal Drink,64,0.11484941840171814,0.05669669806957245,0.0942918211221695,0.609375,0.65625,0.703125
32,Katsudon,52,-0.06648224592208862,0.0021793011110275984,0.022881506010890007,0.6538461538461539,0.7115384615384616,0.8076923076923077
33,Kopi Teh Milo,66,0.16402460634708405,0.15359096229076385,0.2312987744808197,0.7272727272727273,0.7272727272727273,0.8333333333333334
34,Kueh Salat,77,0.22424760460853577,0.27209270000457764,0.37016361951828003,0.8311688311688312,0.8831168831168831,0.8961038961038961
35,Kway Teow,154,0.10399957001209259,0.12266260385513306,0.23622426390647888,0.8116883116883117,0.8636363636363636,0.8896103896103896
36,Laksa,107,-0.03225149214267731,0.003466965164989233,0.040750227868556976,0.6728971962616822,0.7383177570093458,0.794392523364486
37,Lontong with sayur lodeh,48,-0.030503978952765465,0.02038397826254368,0.0359552763402462,0.3958333333333333,0.5625,0.5833333333333334
38,Lor mee,72,0.16582196950912476,0.22703398764133453,0.3113049268722534,0.9027777777777778,0.9722222222222222,0.9305555555555556
39,Macaroni,86,-0.08720863610506058,0.02263946644961834,0.16726812720298767,0.6395348837209303,0.6976744186046512,0.7790697674418605
40,Mee bandung,50,-0.032390326261520386,-0.01811053976416588,-0.013003098778426647,0.42,0.52,0.6
41,Mee goreng,101,0.08353684097528458,0.050648462027311325,0.11218894273042679,0.7029702970297029,0.6633663366336634,0.8217821782178217
42,Mee kuah,51,-0.0575576052069664,-0.05961427092552185,-0.07055358588695526,0.3137254901960784,0.5098039215686274,0.5098039215686274
43,Mee rebus,81,0.018852978944778442,0.04466353356838226,0.09463606029748917,0.654320987654321,0.691358024691358,0.7654320987654321
44,Mee siam,82,-0.022553235292434692,0.02917485125362873,0.06802573055028915,0.6341463414634146,0.5975609756097561,0.6707317073170732
45,"Mee siam, fried",45,-0.020161781460046768,-0.03785867244005203,-0.025833072140812874,0.15555555555555556,0.2,0.4444444444444444
46,Mee soto,70,0.02496795915067196,0.05350948125123978,0.054264944046735764,0.6142857142857143,0.5857142857142857,0.6428571428571429
47,"Miso ramen, with fishcake",85,-0.05895121023058891,0.03103375993669033,0.07271924614906311,0.6,0.7529411764705882,0.7647058823529411
48,Nasi Ambeng,76,0.07335152477025986,0.07109809666872025,0.11026144027709961,0.8157894736842105,0.8026315789473685,0.8289473684210527
49,Nasi pattaya,82,0.07449230551719666,0.14430567622184753,0.3074282109737396,0.8536585365853658,0.8902439024390244,0.9390243902439024
50,Nuts,172,0.04626874625682831,0.11586472392082214,0.28357264399528503,0.8430232558139535,0.8372093023255814,0.872093023255814
51,Papaya,51,0.1167277917265892,0.23629315197467804,0.47782573103904724,0.7647058823529411,0.8431372549019608,0.8627450980392157
52,Peanut Pancake,46,0.0892244502902031,0.15035495162010193,0.24406841397285461,0.782608695652174,0.9130434782608695,0.9565217391304348
53,Persimmon,60,0.1874893605709076,0.2971477806568146,0.47923633456230164,0.8,0.8166666666666667,0.8833333333333333
54,"Pilaf, pea",101,-0.016545390710234642,0.040148310363292694,0.1303693801164627,0.6831683168316832,0.7227722772277227,0.801980198019802
55,Pomelo,118,-0.02380857989192009,0.051929328590631485,0.22787751257419586,0.8135593220338984,0.8220338983050848,0.8728813559322034
56,Porridge,74,-0.012026420794427395,0.0328030027449131,0.20418940484523773,0.6756756756756757,0.7162162162162162,0.8108108108108109
57,Prawn Noodle,75,0.008157937787473202,0.030729901045560837,0.04219718649983406,0.68,0.6933333333333334,0.7866666666666666
58,Pung Kueh,58,0.15915250778198242,0.19516107439994812,0.2742317318916321,0.8275862068965517,0.896551724137931,0.9482758620689655
59,"Rice, chicken katsu with Japanese curry",87,0.14364837110042572,0.18337950110435486,0.2966814637184143,0.8735632183908046,0.9310344827586207,0.9080459770114943
60,"Rice, korean bulgogi beef",93,-0.14233995974063873,-0.0764133483171463,-0.07220496982336044,0.4838709677419355,0.5483870967741935,0.6344086021505376
61,"Rice, with dakgalbi",78,-0.13331648707389832,-0.036987289786338806,-0.03241201117634773,0.46153846153846156,0.6282051282051282,0.6794871794871795
62,Seafood Noodles Soup,76,-0.1882699429988861,-0.0376330204308033,-0.007321125362068415,0.5789473684210527,0.5526315789473685,0.5921052631578947
63,Snacks and Chips,292,0.03443264588713646,0.048965174704790115,0.17866894602775574,0.7671232876712328,0.8047945205479452,0.8424657534246576
64,Soft boiled eggs,99,0.21327093243598938,0.23542945086956024,0.4842056632041931,0.9090909090909091,0.9191919191919192,0.9393939393939394
65,Soto ayam,86,0.04019090160727501,0.03353425860404968,0.06374287605285645,0.6511627906976745,0.6744186046511628,0.686046511627907
66,Soursop,72,0.5177323818206787,0.45992034673690796,0.7711888551712036,0.9722222222222222,0.9861111111111112,0.9722222222222222
67,Starfruit,46,0.15336476266384125,0.3189474940299988,0.6806116700172424,0.8695652173913043,0.8478260869565217,0.9565217391304348
68,Sweets,261,0.04121509939432144,0.09975095838308334,0.2261817455291748,0.7816091954022989,0.8199233716475096,0.8850574712643678
69,Tauhu Goreng,85,-0.10838969796895981,-0.019207093864679337,0.031046494841575623,0.6588235294117647,0.7411764705882353,0.7764705882352941
70,Udon,185,-0.06387992948293686,0.014021513052284718,0.11444825679063797,0.7081081081081081,0.8216216216216217,0.8378378378378378
71,"Wanton mee, dry",102,0.1979268193244934,0.19452917575836182,0.26754137873649597,0.8823529411764706,0.9215686274509803,0.9411764705882353
72,White Bread,112,0.3144066035747528,0.2337421476840973,0.38094645738601685,0.9017857142857143,0.9464285714285714,0.9196428571428571
73,Wholegrain Wrap,114,-0.019150441512465477,0.04595285281538963,0.17168322205543518,0.7192982456140351,0.7719298245614035,0.8508771929824561
74,assam pedas,65,0.019431456923484802,0.027374502271413803,0.06102454662322998,0.676923076923077,0.7538461538461538,0.8
75,ayam penyet,60,0.11965751647949219,0.11508556455373764,0.18612000346183777,0.85,0.9166666666666666,0.9666666666666667
76,bagel & croissant,48,0.03218742832541466,0.07040133327245712,0.2500505745410919,0.75,0.7083333333333334,0.8125
77,bak chor mee,86,0.02398849092423916,0.09004954248666763,0.15015912055969238,0.7325581395348837,0.7906976744186046,0.7558139534883721
78,bak kut teh,74,0.01824291981756687,0.09291438013315201,0.2106626182794571,0.7702702702702703,0.8378378378378378,0.8648648648648649
79,bak kwa,75,0.21483108401298523,0.28979653120040894,0.39622732996940613,0.8666666666666667,0.9066666666666666,0.8933333333333333
80,baked beans,106,0.19288434088230133,0.1661805510520935,0.5013188123703003,0.9150943396226415,0.9150943396226415,0.9528301886792453
81,bakso,70,0.07894591242074966,0.14969131350517273,0.23279091715812683,0.7571428571428571,0.8857142857142857,0.8571428571428571
82,banana,133,0.22596614062786102,0.28252723813056946,0.5023062825202942,0.9097744360902256,0.9022556390977443,0.9473684210526315
83,bee hoon,64,-0.08069270849227905,-0.056356701999902725,-0.04793586581945419,0.359375,0.5,0.453125
84,beef noodle soup,88,0.028037352487444878,0.09123318642377853,0.13601814210414886,0.6704545454545454,0.8409090909090909,0.8181818181818182
85,begedil,80,0.018834155052900314,0.04597777873277664,0.09206541627645493,0.6875,0.6875,0.725
86,biscuit,290,-0.03859584406018257,0.09235965460538864,0.23342064023017883,0.8172413793103448,0.8793103448275862,0.8862068965517241
87,black pepper crab,58,0.1878412663936615,0.21747487783432007,0.3800428509712219,0.9137931034482759,0.9310344827586207,0.9310344827586207
88,blueberries,111,0.07428588718175888,0.19360759854316711,0.2860117256641388,0.8648648648648649,0.9009009009009009,0.8738738738738738
89,breakfast cereal,72,-0.11388079077005386,-0.06561960279941559,-0.03376410901546478,0.4166666666666667,0.5,0.6805555555555556
90,buckwheat,141,-0.08057495951652527,0.0006680674850940704,0.0883190780878067,0.6312056737588653,0.7446808510638298,0.7730496453900709
91,cake,118,-0.020552657544612885,0.019848059862852097,0.10238675028085709,0.6949152542372882,0.711864406779661,0.7711864406779662
92,cake rolls,49,0.04585231468081474,0.09618145227432251,0.3306090831756592,0.7142857142857143,0.7551020408163265,0.8367346938775511
93,canned Fruit salad,128,0.02588750794529915,0.14227497577667236,0.2544533610343933,0.875,0.8984375,0.8984375
94,cereal prawns,73,0.1752881556749344,0.25606560707092285,0.3053566515445709,0.8904109589041096,0.9178082191780822,0.9178082191780822
95,chai tow kuay,72,0.044182226061820984,0.049718260765075684,0.08624925464391708,0.7638888888888888,0.7916666666666666,0.8055555555555556
96,char siew,123,0.015743374824523926,0.0674213096499443,0.15909583866596222,0.7642276422764228,0.8455284552845529,0.8292682926829268
97,char siew pau,102,0.03967954218387604,0.08441589027643204,0.16247813403606415,0.7647058823529411,0.7156862745098039,0.7549019607843137
98,chawanmushi,56,0.0780368372797966,0.07755357772111893,0.22350549697875977,0.75,0.7678571428571429,0.8928571428571429
99,cheese fries,96,0.028693610802292824,0.08546962589025497,0.26732978224754333,0.7708333333333334,0.8854166666666666,0.90625
100,cheng tng,55,0.20886798202991486,0.18742375075817108,0.2956491708755493,0.8909090909090909,0.9090909090909091,0.9454545454545454
101,cherries,95,0.05982595682144165,0.1868302971124649,0.3453834652900696,0.6947368421052632,0.8,0.8315789473684211
102,chicken chop,68,0.004939557984471321,0.08529412001371384,0.23961535096168518,0.75,0.8529411764705882,0.8529411764705882
103,chicken masala,126,-0.06486111134290695,0.019235169515013695,0.1312486082315445,0.6984126984126984,0.746031746031746,0.7142857142857143
104,chicken pie,86,0.12575878202915192,0.11024963110685349,0.28320208191871643,0.8837209302325582,0.8255813953488372,0.8604651162790697
105,chicken rice,88,0.10935655236244202,0.1729692667722702,0.288462370634079,0.8863636363636364,0.9318181818181818,0.9090909090909091
106,chicken soup,136,-0.1567269265651703,-0.06961661577224731,-0.0596679151058197,0.4485294117647059,0.5294117647058824,0.5661764705882353
107,chicken wing,82,0.12511751055717468,0.13481810688972473,0.25095880031585693,0.7926829268292683,0.8292682926829268,0.8780487804878049
108,chilli crab,89,0.1393146812915802,0.14656636118888855,0.31369274854660034,0.8764044943820225,0.8764044943820225,0.9325842696629213
109,chin chow drink,54,-0.05240755155682564,0.03596217930316925,0.15741530060768127,0.7962962962962963,0.8333333333333334,0.9074074074074074
110,chwee kueh,69,0.24178123474121094,0.2972394824028015,0.4496411085128784,0.8985507246376812,0.8985507246376812,0.9130434782608695
111,cooked brown rice,98,-0.05808670073747635,-0.022807329893112183,0.018825851380825043,0.5408163265306123,0.6122448979591837,0.6938775510204082
112,cooked white rice,55,0.4435604214668274,0.3492756187915802,0.4301663041114807,0.9090909090909091,0.8909090909090909,0.9090909090909091
113,corn,50,0.31391412019729614,0.2047301083803177,0.3847126066684723,0.88,0.82,0.86
114,cream soup,104,0.09243207424879074,0.065126433968544,0.11857608705759048,0.7596153846153846,0.8557692307692307,0.8557692307692307
115,curry puff,70,0.15482665598392487,0.1852412074804306,0.35912784934043884,0.8714285714285714,0.9142857142857143,0.9428571428571428
116,drunken prawn,89,-0.0713418647646904,0.03800328075885773,0.08006361871957779,0.651685393258427,0.7191011235955056,0.7078651685393258
117,dumpling,171,-0.06398516148328781,-0.0184922032058239,0.1307820826768875,0.7426900584795322,0.8128654970760234,0.8362573099415205
118,durian,113,0.15197820961475372,0.24692527949810028,0.47576379776000977,0.9292035398230089,0.9292035398230089,0.9292035398230089
119,egg tart,77,0.27679628133773804,0.4598442316055298,0.5892347097396851,0.935064935064935,0.974025974025974,1.0
120,fish head curry,67,0.07890630513429642,0.10051915049552917,0.17309437692165375,0.8059701492537313,0.8208955223880597,0.8805970149253731
121,french fries,161,0.25932562351226807,0.26552098989486694,0.48988157510757446,0.9316770186335404,0.9254658385093167,0.9130434782608695
122,fried chicken,136,-0.017318308353424072,0.05079192295670509,0.08426378667354584,0.7794117647058824,0.7573529411764706,0.8014705882352942
123,fried fish,59,0.027286745607852936,0.04136110469698906,0.11586535722017288,0.6610169491525424,0.8135593220338984,0.7796610169491526
124,fried prawn,95,-0.15745681524276733,-0.025881454348564148,0.006219105329364538,0.5789473684210527,0.6526315789473685,0.7263157894736842
125,fried rice,79,0.06339699774980545,0.026860849931836128,0.08811713755130768,0.6835443037974683,0.7088607594936709,0.759493670886076
126,goreng pisang,68,-0.06400872021913528,0.025024188682436943,0.0900040715932846,0.5882352941176471,0.75,0.8676470588235294
127,green leafy vegetables,81,0.0886402502655983,0.08454649895429611,0.1257687509059906,0.8271604938271605,0.8148148148148148,0.8395061728395061
128,guava,50,0.2854054272174835,0.29208338260650635,0.6221052408218384,0.9,0.9,0.96
129,gulai daun ubi,65,0.04285155236721039,0.13196223974227905,0.3282223641872406,0.8461538461538461,0.8923076923076924,0.8923076923076924
130,har cheong gai,71,-0.031978245824575424,-0.01391845103353262,0.06863053143024445,0.38028169014084506,0.647887323943662,0.7746478873239436
131,hokkien prawn mee,91,0.12027761340141296,0.222868412733078,0.276824414730072,0.8681318681318682,0.8791208791208791,0.9230769230769231
132,honeydew,74,0.13776783645153046,0.176115944981575,0.3511721193790436,0.8108108108108109,0.8513513513513513,0.8648648648648649
133,hotplate tofu,92,-0.027263060212135315,0.06710516661405563,0.09752475470304489,0.717391304347826,0.8043478260869565,0.8478260869565217
134,ice cream - chocolate,52,0.07806429266929626,0.05742974951863289,0.14288008213043213,0.7307692307692307,0.6730769230769231,0.6923076923076923
135,ice cream - vanilla,60,0.26989924907684326,0.2108214795589447,0.4686742424964905,0.9333333333333333,0.9,0.95
136,ice kacang,73,0.1504431664943695,0.17449970543384552,0.3292756974697113,0.9178082191780822,0.9315068493150684,0.9726027397260274
137,jackfruit,78,0.23376503586769104,0.12607833743095398,0.44182226061820984,0.8589743589743589,0.8589743589743589,0.8846153846153846
138,kaya toast,69,0.1374582201242447,0.13521769642829895,0.2456575483083725,0.7681159420289855,0.8695652173913043,0.9130434782608695
139,kebab - beef,62,0.06269839406013489,0.16847173869609833,0.2752125561237335,0.7419354838709677,0.8064516129032258,0.8709677419354839
140,kebab - chicken,55,-0.07955259829759598,-0.03968365117907524,-0.013174879364669323,0.5636363636363636,0.6909090909090909,0.6181818181818182
141,kiwi,115,0.2923474609851837,0.43511366844177246,0.6140127182006836,0.9043478260869565,0.9043478260869565,0.9304347826086956
142,kueh lapis - rainbow,61,0.14592424035072327,0.11529144644737244,0.30417400598526,0.819672131147541,0.8032786885245902,0.9180327868852459
143,kueh lapis baked,85,0.2391507774591446,0.2829079031944275,0.4246227443218231,0.8705882352941177,0.9058823529411765,0.9294117647058824
144,kuih bahulu,73,0.210488423705101,0.23395562171936035,0.4546189606189728,0.7945205479452054,0.863013698630137,0.9452054794520548
145,kway chap,53,0.00622512586414814,0.07132420688867569,0.14610135555267334,0.7547169811320755,0.8867924528301887,0.8490566037735849
146,lamb chops,93,0.05405459180474281,0.059042755514383316,0.16258342564105988,0.7849462365591398,0.8172043010752689,0.8924731182795699
147,lasagna,68,0.1625167578458786,0.14515826106071472,0.3846283257007599,0.9117647058823529,0.8676470588235294,0.9558823529411765
148,longan,114,0.22661833465099335,0.2431890219449997,0.4857923686504364,0.8771929824561403,0.9210526315789473,0.9385964912280702
149,lontong,65,-0.06290809065103531,-0.02790377102792263,-0.006479182746261358,0.676923076923077,0.7076923076923077,0.7076923076923077
150,lychee,120,0.2752861976623535,0.24755676090717316,0.5381314158439636,0.9416666666666667,0.9166666666666666,0.9666666666666667
151,mango pudding,80,0.0700993463397026,0.143270343542099,0.3347916603088379,0.7875,0.9125,0.9125
152,mangosteen,102,0.2735418379306793,0.5187023878097534,0.741865873336792,0.9509803921568627,0.9705882352941176,0.9901960784313726
153,meatball,39,0.0013212388148531318,0.07992477715015411,0.22741398215293884,0.6923076923076923,0.7948717948717948,0.8461538461538461
154,mee pok,62,-0.10836859792470932,-0.05431397631764412,-0.06738362461328506,0.532258064516129,0.6290322580645161,0.5967741935483871
155,milk,107,0.2190854847431183,0.19432541728019714,0.45331013202667236,0.8785046728971962,0.8598130841121495,0.9158878504672897
156,miso soup,77,0.10214415192604065,0.10943938046693802,0.18757684528827667,0.7142857142857143,0.7662337662337663,0.7402597402597403
157,mixed grills,112,0.0382142998278141,0.03294150158762932,0.18617813289165497,0.7857142857142857,0.8392857142857143,0.875
158,mixed vegetables,134,-0.05836586281657219,-0.006940123625099659,0.005033237859606743,0.5522388059701493,0.6940298507462687,0.7313432835820896
159,muesli,140,-0.0025157760828733444,0.006472514010965824,0.10472026467323303,0.6571428571428571,0.7785714285714286,0.85
160,murtabak,57,0.1646462082862854,0.10269767045974731,0.2656194865703583,0.7543859649122807,0.8596491228070176,0.8771929824561403
161,mushroom soup,128,0.0020445948466658592,0.06373518705368042,0.18034330010414124,0.78125,0.8203125,0.8125
162,nasi lemak,85,0.09955288469791412,0.17886564135551453,0.20271258056163788,0.8235294117647058,0.9294117647058824,0.8941176470588236
163,ngoh hiang,39,0.005786392372101545,0.020216265693306923,0.06198881193995476,0.6410256410256411,0.8205128205128205,0.8205128205128205
164,orange,46,0.1750461310148239,0.07538457959890366,0.23340082168579102,0.8478260869565217,0.7608695652173914,0.782608695652174
165,otak,51,0.10971054434776306,0.16818994283676147,0.3134661316871643,0.9019607843137255,0.9607843137254902,0.9607843137254902
166,oyster omelette,60,0.11466619372367859,0.13722172379493713,0.2107977271080017,0.9,0.9,0.9
167,paella seafood,55,0.1468263864517212,0.33234572410583496,0.5735582709312439,0.8363636363636363,0.9090909090909091,0.9454545454545454
168,pancake,156,0.06660418212413788,0.11800863593816757,0.25024154782295227,0.7564102564102564,0.7756410256410257,0.8653846153846154
169,parfait,56,0.2602986693382263,0.17590419948101044,0.2707555592060089,0.7857142857142857,0.8214285714285714,0.8035714285714286
170,passion fruit,74,0.18592481315135956,0.2900795340538025,0.5339266061782837,0.8918918918918919,0.918918918918919,0.918918918918919
171,pasta - fettuccine,162,-0.009285490028560162,0.023882586508989334,0.09215005487203598,0.7345679012345679,0.7530864197530864,0.7962962962962963
172,pasta - red sauce,54,0.06478315591812134,0.09954582899808884,0.14167548716068268,0.6851851851851852,0.7777777777777778,0.7777777777777778
173,pear,82,0.10312330722808838,0.12494829297065735,0.3598596751689911,0.7317073170731707,0.7926829268292683,0.8536585365853658
174,pig organ soup,62,0.0007780667510814965,0.03572290018200874,0.11751043051481247,0.5645161290322581,0.6451612903225806,0.7903225806451613
175,pineapple,104,0.18129612505435944,0.18234756588935852,0.30296021699905396,0.7884615384615384,0.8173076923076923,0.8365384615384616
176,pineapple tarts,100,0.008392978459596634,0.06117914617061615,0.22917507588863373,0.75,0.85,0.9
177,pitaya,124,0.36845773458480835,0.5448422431945801,0.7750154733657837,0.9758064516129032,0.9919354838709677,0.9919354838709677
178,pizza,87,0.33622294664382935,0.30352166295051575,0.5435903072357178,0.9195402298850575,0.8850574712643678,0.9310344827586207
179,pomegranate,52,0.42022010684013367,0.37108033895492554,0.637518584728241,0.9038461538461539,0.9423076923076923,1.0
180,popcorn,181,0.26990699768066406,0.32738372683525085,0.606155276298523,0.9116022099447514,0.9116022099447514,0.9779005524861878
181,popiah,48,0.2554986774921417,0.2201320379972458,0.336491197347641,0.8541666666666666,0.8333333333333334,0.8958333333333334
182,preserved fruit snacks,57,-0.09902636706829071,-0.016386860981583595,0.03676901385188103,0.49122807017543857,0.6842105263157895,0.7017543859649122
183,rambutan,107,0.43383318185806274,0.47496071457862854,0.6881048083305359,0.9626168224299065,0.9813084112149533,0.9813084112149533
184,raspberry,50,0.1825849562883377,0.21679021418094635,0.4386568069458008,0.88,0.86,0.96
185,rice dumpling,67,0.0900396779179573,0.1890028566122055,0.38554978370666504,0.8805970149253731,0.9253731343283582,0.9701492537313433
186,roasted chicken,33,0.1290397197008133,0.16008931398391724,0.30103743076324463,0.7272727272727273,0.7575757575757576,0.8181818181818182
187,rock melon,176,0.12856124341487885,0.2247394621372223,0.42848873138427734,0.8977272727272727,0.9204545454545454,0.9431818181818182
188,rojak,84,0.09223373234272003,0.14886978268623352,0.2606785297393799,0.8571428571428571,0.9047619047619048,0.9166666666666666
189,roti john,44,-0.06707470118999481,-0.04922039806842804,0.046537160873413086,0.6363636363636364,0.7272727272727273,0.8409090909090909
190,salad,93,-0.018954623490571976,0.006737099029123783,0.07006361335515976,0.6344086021505376,0.6236559139784946,0.7311827956989247
191,salmon - grilled,58,0.09980811178684235,0.12495613843202591,0.28205984830856323,0.8620689655172413,0.896551724137931,0.9482758620689655
192,sambal,99,0.011622984893620014,0.09932196140289307,0.21647478640079498,0.7777777777777778,0.8282828282828283,0.9090909090909091
193,sambal kangkong,55,0.5279912352561951,0.4423327147960663,0.6574195027351379,0.9636363636363636,0.9454545454545454,0.9818181818181818
194,sambal stingray,54,0.10039705783128738,0.14292655885219574,0.2617887258529663,0.7592592592592593,0.8148148148148148,0.8518518518518519
195,sandwich,108,0.0008567305631004274,0.026196541264653206,0.15889492630958557,0.7037037037037037,0.8425925925925926,0.8611111111111112
196,satay,76,0.2080172747373581,0.20149366557598114,0.36582931876182556,0.881578947368421,0.9078947368421053,0.9736842105263158
197,satay bee hoon,56,-0.18591026961803436,-0.0707605630159378,-0.06842037290334702,0.4642857142857143,0.5178571428571429,0.5892857142857143
198,sausage rolls,105,0.13453398644924164,0.20891988277435303,0.4494456946849823,0.8952380952380953,0.9142857142857143,0.9619047619047619
199,seaweed snack,112,0.15444184839725494,0.2283002883195877,0.5120146870613098,0.8839285714285714,0.9375,0.9285714285714286
200,siew mai,87,0.26235517859458923,0.3111879825592041,0.49288037419319153,0.9080459770114943,0.9655172413793104,0.9310344827586207
201,singapore sling,66,0.3758598566055298,0.44142937660217285,0.6322221755981445,0.9090909090909091,0.9242424242424242,0.9545454545454546
202,sirloin steak,160,0.08183972537517548,0.07536210864782333,0.2859240174293518,0.825,0.86875,0.89375
203,sliced fish soup,93,-0.0542818047106266,-0.007342407945543528,-0.00875773560255766,0.43010752688172044,0.5806451612903226,0.5913978494623656
204,spring rolls,177,0.07106282562017441,0.14729170501232147,0.3773888945579529,0.8870056497175142,0.9209039548022598,0.943502824858757
205,steamed buns,120,-0.10856394469738007,-0.06863866001367569,-0.06136927753686905,0.6083333333333333,0.7416666666666667,0.7666666666666667
206,steamed grouper,87,-0.06215794384479523,0.03219405934214592,0.09064926207065582,0.6206896551724138,0.7701149425287356,0.8275862068965517
207,strawberry,98,0.12410522252321243,0.19337722659111023,0.39123252034187317,0.8061224489795918,0.8367346938775511,0.8979591836734694
208,sushi,85,0.08356923609972,0.18282248079776764,0.4471554160118103,0.8705882352941177,0.8941176470588236,0.9176470588235294
209,tacos and nachos,115,0.09721479564905167,0.12974336743354797,0.2939393222332001,0.8260869565217391,0.8695652173913043,0.8782608695652174
210,tandoori chicken,102,0.055815935134887695,0.07708124816417694,0.16854645311832428,0.803921568627451,0.8333333333333334,0.8137254901960784
211,tau suan,64,-0.0025096964091062546,0.05849384516477585,0.1689179688692093,0.75,0.8125,0.796875
212,thunder tea rice,51,0.17879951000213623,0.19848275184631348,0.24526256322860718,0.7843137254901961,0.8823529411764706,0.8431372549019608
213,tiramisu,54,0.05904359742999077,0.11734053492546082,0.32135772705078125,0.7407407407407407,0.8333333333333334,0.7592592592592593
214,tom yum noodle soup,76,-0.08545071631669998,-0.031195301562547684,-0.031166044995188713,0.40789473684210525,0.5131578947368421,0.6710526315789473
215,tortilla - plain,46,-0.10652994364500046,-0.056386422365903854,-0.0897090882062912,0.32608695652173914,0.5869565217391305,0.4782608695652174
216,tumpeng,75,0.2679435908794403,0.407467782497406,0.5250803828239441,0.96,1.0,0.9866666666666667
217,tutu kueh,56,0.31367579102516174,0.3593311309814453,0.46649640798568726,0.8928571428571429,0.9285714285714286,0.9642857142857143
218,vadai,112,0.004785311874002218,0.13103091716766357,0.232670396566391,0.7857142857142857,0.8303571428571429,0.8839285714285714
219,vegetable soup,118,0.10213464498519897,0.03776005282998085,0.08881650865077972,0.6610169491525424,0.6864406779661016,0.6864406779661016
220,vegetarian bee hoon,27,0.030189869925379753,0.08059154450893402,0.09699725359678268,0.5925925925925926,0.7037037037037037,0.8518518518518519
221,waffle,168,0.33344903588294983,0.27781838178634644,0.5545858144760132,0.9285714285714286,0.9523809523809523,0.9523809523809523
222,watermelon,69,0.1753547489643097,0.3537548780441284,0.5331213474273682,0.9130434782608695,0.927536231884058,0.9130434782608695
223,whole grain bread,52,0.05772378668189049,0.013361291028559208,0.10122518986463547,0.6538461538461539,0.5769230769230769,0.6730769230769231
224,whole oats,79,0.1324130743741989,0.17581893503665924,0.2577953338623047,0.7468354430379747,0.6962025316455697,0.8227848101265823
225,whole wheat,40,-0.23235109448432922,-0.16045168042182922,-0.22190101444721222,0.125,0.175,0.225
226,wholegrain muffin,54,0.058057427406311035,0.11597537994384766,0.3258029818534851,0.6666666666666666,0.6666666666666666,0.8518518518518519
227,wholegrain pasta,84,-0.13727058470249176,-0.05398203060030937,-0.006035047583281994,0.4523809523809524,0.5833333333333334,0.6547619047619048
228,xiao long bao,82,0.41406166553497314,0.3895602524280548,0.5306321382522583,0.9024390243902439,0.9512195121951219,0.9512195121951219
229,yam rice,48,-0.1341792494058609,-0.045367468148469925,-0.02585959993302822,0.5,0.5833333333333334,0.6458333333333334
230,yogurt,30,-0.09602857381105423,-0.02327253669500351,0.07256332784891129,0.5333333333333333,0.6333333333333333,0.8
231,yong tau foo,64,-0.11587049067020416,-0.03223034366965294,0.007565134670585394,0.65625,0.8125,0.84375
232,yuseng,78,0.23105572164058685,0.24059586226940155,0.4670642912387848,0.9487179487179487,0.9871794871794872,0.9871794871794872
